"Date/Time","Date/Time","No.1","No.2"
"Date/Time","Date/Time","Channel1","Channel2"
"","","V","V"
"2025-04-24 16:40:08.000","45771.6945370370","2.1007","3.2820"
"2025-04-24 16:40:08.005","45771.6945370949","2.0995","3.2486"
"2025-04-24 16:40:08.010","45771.6945371528","2.0992","3.2350"
"2025-04-24 16:40:08.015","45771.6945372106","2.1015","3.2042"
"2025-04-24 16:40:08.020","45771.6945372685","2.1006","3.1714"
"2025-04-24 16:40:08.025","45771.6945373264","2.1003","3.1348"
"2025-04-24 16:40:08.030","45771.6945373843","2.1018","3.1151"
"2025-04-24 16:40:08.035","45771.6945374421","2.1015","3.1021"
"2025-04-24 16:40:08.040","45771.6945375000","2.1005","3.0697"
"2025-04-24 16:40:08.045","45771.6945375579","2.1017","3.0275"
"2025-04-24 16:40:08.050","45771.6945376157","2.1000","2.9888"
"2025-04-24 16:40:08.055","45771.6945376736","2.1004","2.9675"
"2025-04-24 16:40:08.060","45771.6945377315","2.1011","2.9482"
"2025-04-24 16:40:08.065","45771.6945377893","2.1013","2.9216"
"2025-04-24 16:40:08.070","45771.6945378472","2.1013","2.8867"
"2025-04-24 16:40:08.075","45771.6945379051","2.1002","2.8535"
"2025-04-24 16:40:08.080","45771.6945379630","2.1006","2.8299"
"2025-04-24 16:40:08.085","45771.6945380208","2.1011","2.8053"
"2025-04-24 16:40:08.090","45771.6945380787","2.1017","2.7775"
"2025-04-24 16:40:08.095","45771.6945381366","2.1019","2.7489"
"2025-04-24 16:40:08.100","45771.6945381944","2.1004","2.7050"
"2025-04-24 16:40:08.105","45771.6945382523","2.0997","2.6780"
"2025-04-24 16:40:08.110","45771.6945383102","2.1008","2.6532"
"2025-04-24 16:40:08.115","45771.6945383681","2.1020","2.6259"
"2025-04-24 16:40:08.120","45771.6945384259","2.1004","2.5948"
"2025-04-24 16:40:08.125","45771.6945384838","2.1007","2.5563"
"2025-04-24 16:40:08.130","45771.6945385417","2.1013","2.5268"
"2025-04-24 16:40:08.135","45771.6945385995","2.1018","2.4947"
"2025-04-24 16:40:08.140","45771.6945386574","2.1014","2.4630"
"2025-04-24 16:40:08.145","45771.6945387153","2.1013","2.4422"
"2025-04-24 16:40:08.150","45771.6945387731","2.1013","2.3999"
"2025-04-24 16:40:08.155","45771.6945388310","2.0995","2.3759"
"2025-04-24 16:40:08.160","45771.6945388889","2.1015","2.3529"
"2025-04-24 16:40:08.165","45771.6945389468","2.1016","2.3261"
"2025-04-24 16:40:08.170","45771.6945390046","2.1010","2.2896"
"2025-04-24 16:40:08.175","45771.6945390625","2.0996","2.2516"
"2025-04-24 16:40:08.180","45771.6945391204","2.1003","2.2395"
"2025-04-24 16:40:08.185","45771.6945391782","2.1017","2.2111"
"2025-04-24 16:40:08.190","45771.6945392361","2.1014","2.1894"
"2025-04-24 16:40:08.195","45771.6945392940","2.1011","2.1545"
"2025-04-24 16:40:08.200","45771.6945393519","2.0995","2.1175"
"2025-04-24 16:40:08.205","45771.6945394097","2.0976","2.1016"
"2025-04-24 16:40:08.210","45771.6945394676","2.1020","2.0831"
"2025-04-24 16:40:08.215","45771.6945395255","2.1016","2.0609"
"2025-04-24 16:40:08.220","45771.6945395833","2.1009","2.0230"
"2025-04-24 16:40:08.225","45771.6945396412","2.0963","1.9937"
"2025-04-24 16:40:08.230","45771.6945396991","2.0993","1.9866"
"2025-04-24 16:40:08.235","45771.6945397569","2.1041","1.9877"
"2025-04-24 16:40:08.240","45771.6945398148","2.0989","1.9705"
"2025-04-24 16:40:08.245","45771.6945398727","2.0994","1.9539"
"2025-04-24 16:40:08.250","45771.6945399306","2.0985","1.9472"
"2025-04-24 16:40:08.255","45771.6945399884","2.0998","1.9476"
"2025-04-24 16:40:08.260","45771.6945400463","2.1009","1.9483"
"2025-04-24 16:40:08.265","45771.6945401042","2.1042","1.9462"
"2025-04-24 16:40:08.270","45771.6945401620","2.1007","1.9472"
"2025-04-24 16:40:08.275","45771.6945402199","2.1003","1.9441"
"2025-04-24 16:40:08.280","45771.6945402778","2.1052","1.9494"
"2025-04-24 16:40:08.285","45771.6945403357","2.1039","1.9458"
"2025-04-24 16:40:08.290","45771.6945403935","2.1044","1.9478"
"2025-04-24 16:40:08.295","45771.6945404514","2.1009","1.9449"
"2025-04-24 16:40:08.300","45771.6945405093","2.1050","1.9484"
"2025-04-24 16:40:08.305","45771.6945405671","2.1013","1.9479"
"2025-04-24 16:40:08.310","45771.6945406250","2.1040","1.9473"
"2025-04-24 16:40:08.315","45771.6945406829","2.1021","1.9466"
"2025-04-24 16:40:08.320","45771.6945407407","2.1045","1.9479"
"2025-04-24 16:40:08.325","45771.6945407986","2.1049","1.9485"
"2025-04-24 16:40:08.330","45771.6945408565","2.1042","1.9451"
"2025-04-24 16:40:08.335","45771.6945409144","2.1030","1.9473"
"2025-04-24 16:40:08.340","45771.6945409722","2.1024","1.9446"
"2025-04-24 16:40:08.345","45771.6945410301","2.1051","1.9486"
"2025-04-24 16:40:08.350","45771.6945410880","2.1013","1.9470"
"2025-04-24 16:40:08.355","45771.6945411458","2.1044","1.9465"
"2025-04-24 16:40:08.360","45771.6945412037","2.1004","1.9460"
"2025-04-24 16:40:08.365","45771.6945412616","2.1046","1.9481"
"2025-04-24 16:40:08.370","45771.6945413194","2.1043","1.9477"
"2025-04-24 16:40:08.375","45771.6945413773","2.1037","1.9463"
"2025-04-24 16:40:08.380","45771.6945414352","2.1031","1.9469"
"2025-04-24 16:40:08.385","45771.6945414931","2.1030","1.9438"
"2025-04-24 16:40:08.390","45771.6945415509","2.1046","1.9479"
"2025-04-24 16:40:08.395","45771.6945416088","2.1026","1.9460"
"2025-04-24 16:40:08.400","45771.6945416667","2.1029","1.9470"
"2025-04-24 16:40:08.405","45771.6945417245","2.0999","1.9477"
"2025-04-24 16:40:08.410","45771.6945417824","2.1049","1.9484"
"2025-04-24 16:40:08.415","45771.6945418403","2.1031","1.9485"
"2025-04-24 16:40:08.420","45771.6945418981","2.1040","1.9482"
"2025-04-24 16:40:08.425","45771.6945419560","2.1034","1.9465"
"2025-04-24 16:40:08.430","45771.6945420139","2.1034","1.9450"
"2025-04-24 16:40:08.435","45771.6945420718","2.1052","1.9483"
"2025-04-24 16:40:08.440","45771.6945421296","2.1040","1.9444"
"2025-04-24 16:40:08.445","45771.6945421875","2.1041","1.9480"
"2025-04-24 16:40:08.450","45771.6945422454","2.1014","1.9457"
"2025-04-24 16:40:08.455","45771.6945423032","2.1034","1.9464"
"2025-04-24 16:40:08.460","45771.6945423611","2.1004","1.9465"
"2025-04-24 16:40:08.465","45771.6945424190","2.1038","1.9474"
"2025-04-24 16:40:08.470","45771.6945424768","2.1033","1.9460"
"2025-04-24 16:40:08.475","45771.6945425347","2.1033","1.9451"
"2025-04-24 16:40:08.480","45771.6945425926","2.1048","1.9481"
"2025-04-24 16:40:08.485","45771.6945426505","2.1043","1.9449"
"2025-04-24 16:40:08.490","45771.6945427083","2.1038","1.9475"
"2025-04-24 16:40:08.495","45771.6945427662","2.1016","1.9434"
"2025-04-24 16:40:08.500","45771.6945428241","2.1047","1.9483"
"2025-04-24 16:40:08.505","45771.6945428819","2.1016","1.9480"
"2025-04-24 16:40:08.510","45771.6945429398","2.1042","1.9483"
"2025-04-24 16:40:08.515","45771.6945429977","2.1031","1.9464"
"2025-04-24 16:40:08.520","45771.6945430556","2.1030","1.9465"
"2025-04-24 16:40:08.525","45771.6945431134","2.1053","1.9486"
"2025-04-24 16:40:08.530","45771.6945431713","2.1038","1.9468"
"2025-04-24 16:40:08.535","45771.6945432292","2.1045","1.9474"
"2025-04-24 16:40:08.540","45771.6945432870","2.1031","1.9433"
"2025-04-24 16:40:08.545","45771.6945433449","2.1043","1.9484"
"2025-04-24 16:40:08.550","45771.6945434028","2.1021","1.9465"
"2025-04-24 16:40:08.555","45771.6945434606","2.1040","1.9488"
"2025-04-24 16:40:08.560","45771.6945435185","2.1005","1.9466"
"2025-04-24 16:40:08.565","45771.6945435764","2.1037","1.9486"
"2025-04-24 16:40:08.570","45771.6945436343","2.1033","1.9484"
"2025-04-24 16:40:08.575","45771.6945436921","2.1040","1.9480"
"2025-04-24 16:40:08.580","45771.6945437500","2.1036","1.9465"
"2025-04-24 16:40:08.585","45771.6945438079","2.1032","1.9452"
"2025-04-24 16:40:08.590","45771.6945438657","2.1043","1.9487"
"2025-04-24 16:40:08.595","45771.6945439236","2.1018","1.9444"
"2025-04-24 16:40:08.600","45771.6945439815","2.1026","1.9475"
"2025-04-24 16:40:08.605","45771.6945440394","2.1018","1.9467"
"2025-04-24 16:40:08.610","45771.6945440972","2.1048","1.9485"
"2025-04-24 16:40:08.615","45771.6945441551","2.1004","1.9471"
"2025-04-24 16:40:08.620","45771.6945442130","2.1026","1.9468"
"2025-04-24 16:40:08.625","45771.6945442708","2.1045","1.9482"
"2025-04-24 16:40:08.630","45771.6945443287","2.1047","1.9471"
"2025-04-24 16:40:08.635","45771.6945443866","2.1043","1.9473"
"2025-04-24 16:40:08.640","45771.6945444444","2.1017","1.9440"
"2025-04-24 16:40:08.645","45771.6945445023","2.1041","1.9477"
"2025-04-24 16:40:08.650","45771.6945445602","2.1028","1.9457"
"2025-04-24 16:40:08.655","45771.6945446181","2.1044","1.9472"
"2025-04-24 16:40:08.660","45771.6945446759","2.1001","1.9468"
"2025-04-24 16:40:08.665","45771.6945447338","2.1040","1.9486"
"2025-04-24 16:40:08.670","45771.6945447917","2.1030","1.9481"
"2025-04-24 16:40:08.675","45771.6945448495","2.1045","1.9483"
"2025-04-24 16:40:08.680","45771.6945449074","2.1049","1.9491"
"2025-04-24 16:40:08.685","45771.6945449653","2.1040","1.9456"
"2025-04-24 16:40:08.690","45771.6945450232","2.1046","1.9479"
"2025-04-24 16:40:08.695","45771.6945450810","2.1039","1.9457"
"2025-04-24 16:40:08.700","45771.6945451389","2.1050","1.9490"
"2025-04-24 16:40:08.705","45771.6945451968","2.1009","1.9474"
"2025-04-24 16:40:08.710","45771.6945452546","2.1025","1.9469"
"2025-04-24 16:40:08.715","45771.6945453125","2.1003","1.9464"
"2025-04-24 16:40:08.720","45771.6945453704","2.1048","1.9484"
"2025-04-24 16:40:08.725","45771.6945454282","2.1040","1.9474"
"2025-04-24 16:40:08.730","45771.6945454861","2.1023","1.9463"
"2025-04-24 16:40:08.735","45771.6945455440","2.1046","1.9478"
"2025-04-24 16:40:08.740","45771.6945456019","2.1045","1.9453"
"2025-04-24 16:40:08.745","45771.6945456597","2.1043","1.9466"
"2025-04-24 16:40:08.750","45771.6945457176","2.1007","1.9448"
"2025-04-24 16:40:08.755","45771.6945457755","2.1048","1.9473"
"2025-04-24 16:40:08.760","45771.6945458333","2.1011","1.9474"
"2025-04-24 16:40:08.765","45771.6945458912","2.1047","1.9482"
"2025-04-24 16:40:08.770","45771.6945459491","2.1022","1.9478"
"2025-04-24 16:40:08.775","45771.6945460069","2.1039","1.9474"
"2025-04-24 16:40:08.780","45771.6945460648","2.1026","1.9470"
"2025-04-24 16:40:08.785","45771.6945461227","2.1025","1.9462"
"2025-04-24 16:40:08.790","45771.6945461806","2.1038","1.9476"
"2025-04-24 16:40:08.795","45771.6945462384","2.1042","1.9454"
"2025-04-24 16:40:08.800","45771.6945462963","2.1047","1.9482"
"2025-04-24 16:40:08.805","45771.6945463542","2.1011","1.9468"
"2025-04-24 16:40:08.810","45771.6945464120","2.1045","1.9464"
"2025-04-24 16:40:08.815","45771.6945464699","2.1001","1.9473"
"2025-04-24 16:40:08.820","45771.6945465278","2.1043","1.9486"
"2025-04-24 16:40:08.825","45771.6945465856","2.1025","1.9483"
"2025-04-24 16:40:08.830","45771.6945466435","2.1036","1.9465"
"2025-04-24 16:40:08.835","45771.6945467014","2.1034","1.9463"
"2025-04-24 16:40:08.840","45771.6945467593","2.1038","1.9461"
"2025-04-24 16:40:08.845","45771.6945468171","2.1047","1.9484"
"2025-04-24 16:40:08.850","45771.6945468750","2.1028","1.9455"
"2025-04-24 16:40:08.855","45771.6945469329","2.1043","1.9478"
"2025-04-24 16:40:08.860","45771.6945469907","2.1015","1.9475"
"2025-04-24 16:40:08.865","45771.6945470486","2.1030","1.9472"
"2025-04-24 16:40:08.870","45771.6945471065","2.0997","1.9470"
"2025-04-24 16:40:08.875","45771.6945471643","2.1043","1.9472"
"2025-04-24 16:40:08.880","45771.6945472222","2.1041","1.9482"
"2025-04-24 16:40:08.885","45771.6945472801","2.1043","1.9470"
"2025-04-24 16:40:08.890","45771.6945473380","2.1039","1.9483"
"2025-04-24 16:40:08.895","45771.6945473958","2.1023","1.9439"
"2025-04-24 16:40:08.900","45771.6945474537","2.1029","1.9481"
"2025-04-24 16:40:08.905","45771.6945475116","2.1022","1.9461"
"2025-04-24 16:40:08.910","45771.6945475694","2.1027","1.9474"
"2025-04-24 16:40:08.915","45771.6945476273","2.0992","1.9470"
"2025-04-24 16:40:08.920","45771.6945476852","2.1043","1.9476"
"2025-04-24 16:40:08.925","45771.6945477431","2.1033","1.9487"
"2025-04-24 16:40:08.930","45771.6945478009","2.1034","1.9466"
"2025-04-24 16:40:08.935","45771.6945478588","2.1022","1.9468"
"2025-04-24 16:40:08.940","45771.6945479167","2.1041","1.9457"
"2025-04-24 16:40:08.945","45771.6945479745","2.1041","1.9483"
"2025-04-24 16:40:08.950","45771.6945480324","2.1035","1.9443"
"2025-04-24 16:40:08.955","45771.6945480903","2.1025","1.9473"
"2025-04-24 16:40:08.960","45771.6945481481","2.1009","1.9471"
"2025-04-24 16:40:08.965","45771.6945482060","2.1041","1.9480"
"2025-04-24 16:40:08.970","45771.6945482639","2.1016","1.9470"
"2025-04-24 16:40:08.975","45771.6945483218","2.1025","1.9471"
"2025-04-24 16:40:08.980","45771.6945483796","2.1029","1.9479"
"2025-04-24 16:40:08.985","45771.6945484375","2.1045","1.9467"
"2025-04-24 16:40:08.990","45771.6945484954","2.1044","1.9483"
"2025-04-24 16:40:08.995","45771.6945485532","2.1041","1.9459"
"2025-04-24 16:40:09.000","45771.6945486111","2.1027","1.9477"
"2025-04-24 16:40:09.005","45771.6945486690","2.1015","1.9439"
"2025-04-24 16:40:09.010","45771.6945487269","2.1034","1.9473"
"2025-04-24 16:40:09.015","45771.6945487847","2.0999","1.9470"
"2025-04-24 16:40:09.020","45771.6945488426","2.1028","1.9469"
"2025-04-24 16:40:09.025","45771.6945489005","2.0989","1.9463"
"2025-04-24 16:40:09.030","45771.6945489583","2.1042","1.9473"
"2025-04-24 16:40:09.035","45771.6945490162","2.1032","1.9478"
"2025-04-24 16:40:09.040","45771.6945490741","2.1044","1.9460"
"2025-04-24 16:40:09.045","45771.6945491319","2.1010","1.9469"
"2025-04-24 16:40:09.050","45771.6945491898","2.1041","1.9446"
"2025-04-24 16:40:09.055","45771.6945492477","2.1032","1.9481"
"2025-04-24 16:40:09.060","45771.6945493056","2.1027","1.9448"
"2025-04-24 16:40:09.065","45771.6945493634","2.1013","1.9465"
"2025-04-24 16:40:09.070","45771.6945494213","2.1002","1.9478"
"2025-04-24 16:40:09.075","45771.6945494792","2.1033","1.9472"
"2025-04-24 16:40:09.080","45771.6945495370","2.1015","1.9470"
"2025-04-24 16:40:09.085","45771.6945495949","2.1015","1.9475"
"2025-04-24 16:40:09.090","45771.6945496528","2.1036","1.9482"
"2025-04-24 16:40:09.095","45771.6945497106","2.1028","1.9456"
"2025-04-24 16:40:09.100","45771.6945497685","2.1029","1.9468"
"2025-04-24 16:40:09.105","45771.6945498264","2.1015","1.9450"
"2025-04-24 16:40:09.110","45771.6945498843","2.1033","1.9480"
"2025-04-24 16:40:09.115","45771.6945499421","2.1009","1.9458"
"2025-04-24 16:40:09.120","45771.6945500000","2.1043","1.9473"
"2025-04-24 16:40:09.125","45771.6945500579","2.1002","1.9474"
"2025-04-24 16:40:09.130","45771.6945501157","2.1038","1.9466"
"2025-04-24 16:40:09.135","45771.6945501736","2.1011","1.9466"
"2025-04-24 16:40:09.140","45771.6945502315","2.1045","1.9472"
"2025-04-24 16:40:09.145","45771.6945502894","2.1030","1.9480"
"2025-04-24 16:40:09.150","45771.6945503472","2.1038","1.9443"
"2025-04-24 16:40:09.155","45771.6945504051","2.1014","1.9463"
"2025-04-24 16:40:09.160","45771.6945504630","2.1028","1.9452"
"2025-04-24 16:40:09.165","45771.6945505208","2.1039","1.9481"
"2025-04-24 16:40:09.170","45771.6945505787","2.1009","1.9474"
"2025-04-24 16:40:09.175","45771.6945506366","2.1017","1.9471"
"2025-04-24 16:40:09.180","45771.6945506944","2.1029","1.9472"
"2025-04-24 16:40:09.185","45771.6945507523","2.1042","1.9472"
"2025-04-24 16:40:09.190","45771.6945508102","2.1028","1.9469"
"2025-04-24 16:40:09.195","45771.6945508681","2.1028","1.9471"
"2025-04-24 16:40:09.200","45771.6945509259","2.1038","1.9484"
"2025-04-24 16:40:09.205","45771.6945509838","2.1038","1.9445"
"2025-04-24 16:40:09.210","45771.6945510417","2.1030","1.9474"
"2025-04-24 16:40:09.215","45771.6945510995","2.1003","1.9472"
"2025-04-24 16:40:09.220","45771.6945511574","2.1036","1.9483"
"2025-04-24 16:40:09.225","45771.6945512153","2.1017","1.9481"
"2025-04-24 16:40:09.230","45771.6945512731","2.1029","1.9475"
"2025-04-24 16:40:09.235","45771.6945513310","2.1023","1.9474"
"2025-04-24 16:40:09.240","45771.6945513889","2.1034","1.9481"
"2025-04-24 16:40:09.245","45771.6945514468","2.1036","1.9482"
"2025-04-24 16:40:09.250","45771.6945515046","2.1027","1.9445"
"2025-04-24 16:40:09.255","45771.6945515625","2.1028","1.9470"
"2025-04-24 16:40:09.260","45771.6945516204","2.1033","1.9459"
"2025-04-24 16:40:09.265","45771.6945516782","2.1038","1.9468"
"2025-04-24 16:40:09.270","45771.6945517361","2.0999","1.9461"
"2025-04-24 16:40:09.275","45771.6945517940","2.1043","1.9484"
"2025-04-24 16:40:09.280","45771.6945518519","2.1022","1.9483"
"2025-04-24 16:40:09.285","45771.6945519097","2.1036","1.9472"
"2025-04-24 16:40:09.290","45771.6945519676","2.1021","1.9458"
"2025-04-24 16:40:09.295","45771.6945520255","2.1039","1.9476"
"2025-04-24 16:40:09.300","45771.6945520833","2.1043","1.9485"
"2025-04-24 16:40:09.305","45771.6945521412","2.1032","1.9455"
"2025-04-24 16:40:09.310","45771.6945521991","2.1021","1.9469"
"2025-04-24 16:40:09.315","45771.6945522569","2.1020","1.9467"
"2025-04-24 16:40:09.320","45771.6945523148","2.1043","1.9488"
"2025-04-24 16:40:09.325","45771.6945523727","2.1011","1.9486"
"2025-04-24 16:40:09.330","45771.6945524306","2.1021","1.9476"
"2025-04-24 16:40:09.335","45771.6945524884","2.1023","1.9481"
"2025-04-24 16:40:09.340","45771.6945525463","2.1042","1.9484"
"2025-04-24 16:40:09.345","45771.6945526042","2.1026","1.9472"
"2025-04-24 16:40:09.350","45771.6945526620","2.1018","1.9461"
"2025-04-24 16:40:09.355","45771.6945527199","2.1046","1.9478"
"2025-04-24 16:40:09.360","45771.6945527778","2.1035","1.9455"
"2025-04-24 16:40:09.365","45771.6945528356","2.1028","1.9467"
"2025-04-24 16:40:09.370","45771.6945528935","2.0999","1.9467"
"2025-04-24 16:40:09.375","45771.6945529514","2.1039","1.9488"
"2025-04-24 16:40:09.380","45771.6945530093","2.1015","1.9480"
"2025-04-24 16:40:09.385","45771.6945530671","2.1041","1.9485"
"2025-04-24 16:40:09.390","45771.6945531250","2.1038","1.9485"
"2025-04-24 16:40:09.395","45771.6945531829","2.1022","1.9468"
"2025-04-24 16:40:09.400","45771.6945532407","2.1024","1.9478"
"2025-04-24 16:40:09.405","45771.6945532986","2.1038","1.9460"
"2025-04-24 16:40:09.410","45771.6945533565","2.1043","1.9485"
"2025-04-24 16:40:09.415","45771.6945534144","2.1018","1.9465"
"2025-04-24 16:40:09.420","45771.6945534722","2.1028","1.9463"
"2025-04-24 16:40:09.425","45771.6945535301","2.0999","1.9479"
"2025-04-24 16:40:09.430","45771.6945535880","2.1041","1.9490"
"2025-04-24 16:40:09.435","45771.6945536458","2.1030","1.9491"
"2025-04-24 16:40:09.440","45771.6945537037","2.1025","1.9470"
"2025-04-24 16:40:09.445","45771.6945537616","2.1028","1.9484"
"2025-04-24 16:40:09.450","45771.6945538194","2.1003","1.9455"
"2025-04-24 16:40:09.455","45771.6945538773","2.0992","1.9441"
"2025-04-24 16:40:09.460","45771.6945539352","2.0985","1.9458"
"2025-04-24 16:40:09.465","45771.6945539931","2.1044","1.9481"
"2025-04-24 16:40:09.470","45771.6945540509","2.1024","1.9479"
"2025-04-24 16:40:09.475","45771.6945541088","2.1041","1.9482"
"2025-04-24 16:40:09.480","45771.6945541667","2.1012","1.9489"
"2025-04-24 16:40:09.485","45771.6945542245","2.1023","1.9467"
"2025-04-24 16:40:09.490","45771.6945542824","2.1028","1.9480"
"2025-04-24 16:40:09.495","45771.6945543403","2.1043","1.9479"
"2025-04-24 16:40:09.500","45771.6945543981","2.1043","1.9484"
"2025-04-24 16:40:09.505","45771.6945544560","2.1036","1.9468"
"2025-04-24 16:40:09.510","45771.6945545139","2.1039","1.9475"
"2025-04-24 16:40:09.515","45771.6945545718","2.1036","1.9453"
"2025-04-24 16:40:09.520","45771.6945546296","2.1031","1.9470"
"2025-04-24 16:40:09.525","45771.6945546875","2.1006","1.9484"
"2025-04-24 16:40:09.530","45771.6945547454","2.1048","1.9473"
"2025-04-24 16:40:09.535","45771.6945548032","2.1014","1.9471"
"2025-04-24 16:40:09.540","45771.6945548611","2.1028","1.9488"
"2025-04-24 16:40:09.545","45771.6945549190","2.1035","1.9491"
"2025-04-24 16:40:09.550","45771.6945549768","2.1036","1.9481"
"2025-04-24 16:40:09.555","45771.6945550347","2.1028","1.9468"
"2025-04-24 16:40:09.560","45771.6945550926","2.1025","1.9465"
"2025-04-24 16:40:09.565","45771.6945551505","2.1039","1.9487"
"2025-04-24 16:40:09.570","45771.6945552083","2.1023","1.9476"
"2025-04-24 16:40:09.575","45771.6945552662","2.1032","1.9471"
"2025-04-24 16:40:09.580","45771.6945553241","2.1003","1.9488"
"2025-04-24 16:40:09.585","45771.6945553819","2.1042","1.9485"
"2025-04-24 16:40:09.590","45771.6945554398","2.1028","1.9489"
"2025-04-24 16:40:09.595","45771.6945554977","2.1031","1.9470"
"2025-04-24 16:40:09.600","45771.6945555556","2.1031","1.9478"
"2025-04-24 16:40:09.605","45771.6945556134","2.1040","1.9463"
"2025-04-24 16:40:09.610","45771.6945556713","2.1025","1.9476"
"2025-04-24 16:40:09.615","45771.6945557292","2.1036","1.9466"
"2025-04-24 16:40:09.620","45771.6945557870","2.1045","1.9484"
"2025-04-24 16:40:09.625","45771.6945558449","2.1005","1.9469"
"2025-04-24 16:40:09.630","45771.6945559028","2.1029","1.9487"
"2025-04-24 16:40:09.635","45771.6945559606","2.1012","1.9490"
"2025-04-24 16:40:09.640","45771.6945560185","2.1042","1.9477"
"2025-04-24 16:40:09.645","45771.6945560764","2.1027","1.9474"
"2025-04-24 16:40:09.650","45771.6945561343","2.1031","1.9484"
"2025-04-24 16:40:09.655","45771.6945561921","2.1034","1.9485"
"2025-04-24 16:40:09.660","45771.6945562500","2.1037","1.9463"
"2025-04-24 16:40:09.665","45771.6945563079","2.1046","1.9486"
"2025-04-24 16:40:09.670","45771.6945563657","2.1002","1.9446"
"2025-04-24 16:40:09.675","45771.6945564236","2.0983","1.9429"
"2025-04-24 16:40:09.680","45771.6945564815","2.0987","1.9489"
"2025-04-24 16:40:09.685","45771.6945565394","2.1043","1.9489"
"2025-04-24 16:40:09.690","45771.6945565972","2.1019","1.9483"
"2025-04-24 16:40:09.695","45771.6945566551","2.0987","1.9452"
"2025-04-24 16:40:09.700","45771.6945567130","2.0998","1.9441"
"2025-04-24 16:40:09.705","45771.6945567708","2.0992","1.9435"
"2025-04-24 16:40:09.710","45771.6945568287","2.1029","1.9476"
"2025-04-24 16:40:09.715","45771.6945568866","2.0990","1.9458"
"2025-04-24 16:40:09.720","45771.6945569444","2.1010","1.9492"
"2025-04-24 16:40:09.725","45771.6945570023","2.0996","1.9447"
"2025-04-24 16:40:09.730","45771.6945570602","2.0979","1.9426"
"2025-04-24 16:40:09.735","45771.6945571181","2.1004","1.9484"
"2025-04-24 16:40:09.740","45771.6945571759","2.1043","1.9491"
"2025-04-24 16:40:09.745","45771.6945572338","2.1026","1.9483"
"2025-04-24 16:40:09.750","45771.6945572917","2.1019","1.9478"
"2025-04-24 16:40:09.755","45771.6945573495","2.1046","1.9496"
"2025-04-24 16:40:09.760","45771.6945574074","2.1044","1.9477"
"2025-04-24 16:40:09.765","45771.6945574653","2.1040","1.9495"
"2025-04-24 16:40:09.770","45771.6945575232","2.1038","1.9478"
"2025-04-24 16:40:09.775","45771.6945575810","2.1032","1.9494"
"2025-04-24 16:40:09.780","45771.6945576389","2.1020","1.9483"
"2025-04-24 16:40:09.785","45771.6945576968","2.1028","1.9473"
"2025-04-24 16:40:09.790","45771.6945577546","2.1019","1.9493"
"2025-04-24 16:40:09.795","45771.6945578125","2.1043","1.9488"
"2025-04-24 16:40:09.800","45771.6945578704","2.1034","1.9493"
"2025-04-24 16:40:09.805","45771.6945579282","2.1033","1.9462"
"2025-04-24 16:40:09.810","45771.6945579861","2.1029","1.9493"
"2025-04-24 16:40:09.815","45771.6945580440","2.1030","1.9456"
"2025-04-24 16:40:09.820","45771.6945581019","2.1022","1.9478"
"2025-04-24 16:40:09.825","45771.6945581597","2.1031","1.9471"
"2025-04-24 16:40:09.830","45771.6945582176","2.1039","1.9492"
"2025-04-24 16:40:09.835","45771.6945582755","2.1016","1.9479"
"2025-04-24 16:40:09.840","45771.6945583333","2.1021","1.9477"
"2025-04-24 16:40:09.845","45771.6945583912","2.1029","1.9486"
"2025-04-24 16:40:09.850","45771.6945584491","2.1046","1.9485"
"2025-04-24 16:40:09.855","45771.6945585069","2.1040","1.9481"
"2025-04-24 16:40:09.860","45771.6945585648","2.1030","1.9460"
"2025-04-24 16:40:09.865","45771.6945586227","2.1038","1.9493"
"2025-04-24 16:40:09.870","45771.6945586806","2.1038","1.9465"
"2025-04-24 16:40:09.875","45771.6945587384","2.1038","1.9490"
"2025-04-24 16:40:09.880","45771.6945587963","2.0998","1.9439"
"2025-04-24 16:40:09.885","45771.6945588542","2.0983","1.9426"
"2025-04-24 16:40:09.890","45771.6945589120","2.0995","1.9432"
"2025-04-24 16:40:09.895","45771.6945589699","2.1038","1.9488"
"2025-04-24 16:40:09.900","45771.6945590278","2.1046","1.9484"
"2025-04-24 16:40:09.905","45771.6945590856","2.1005","1.9448"
"2025-04-24 16:40:09.910","45771.6945591435","2.0999","1.9446"
"2025-04-24 16:40:09.915","45771.6945592014","2.0995","1.9434"
"2025-04-24 16:40:09.920","45771.6945592593","2.1032","1.9479"
"2025-04-24 16:40:09.925","45771.6945593171","2.1021","1.9479"
"2025-04-24 16:40:09.930","45771.6945593750","2.1040","1.9492"
"2025-04-24 16:40:09.935","45771.6945594329","2.1023","1.9485"
"2025-04-24 16:40:09.940","45771.6945594907","2.1029","1.9477"
"2025-04-24 16:40:09.945","45771.6945595486","2.1020","1.9492"
"2025-04-24 16:40:09.950","45771.6945596065","2.1035","1.9491"
"2025-04-24 16:40:09.955","45771.6945596643","2.1042","1.9488"
"2025-04-24 16:40:09.960","45771.6945597222","2.1032","1.9466"
"2025-04-24 16:40:09.965","45771.6945597801","2.1029","1.9491"
"2025-04-24 16:40:09.970","45771.6945598380","2.1037","1.9469"
"2025-04-24 16:40:09.975","45771.6945598958","2.1039","1.9492"
"2025-04-24 16:40:09.980","45771.6945599537","2.1014","1.9466"
"2025-04-24 16:40:09.985","45771.6945600116","2.1027","1.9487"
"2025-04-24 16:40:09.990","45771.6945600694","2.1023","1.9494"
"2025-04-24 16:40:09.995","45771.6945601273","2.1033","1.9488"
"2025-04-24 16:40:10.000","45771.6945601852","2.1027","1.9479"
"2025-04-24 16:40:10.005","45771.6945602431","2.1020","1.9469"
"2025-04-24 16:40:10.010","45771.6945603009","2.1015","1.9484"
"2025-04-24 16:40:10.015","45771.6945603588","2.1025","1.9473"
"2025-04-24 16:40:10.020","45771.6945604167","2.1027","1.9478"
"2025-04-24 16:40:10.025","45771.6945604745","2.1025","1.9452"
"2025-04-24 16:40:10.030","45771.6945605324","2.1018","1.9484"
"2025-04-24 16:40:10.035","45771.6945605903","2.1026","1.9490"
"2025-04-24 16:40:10.040","45771.6945606481","2.1022","1.9442"
"2025-04-24 16:40:10.045","45771.6945607060","2.1004","1.9442"
"2025-04-24 16:40:10.050","45771.6945607639","2.0985","1.9430"
"2025-04-24 16:40:10.055","45771.6945608218","2.1041","1.9475"
"2025-04-24 16:40:10.060","45771.6945608796","2.1011","1.9414"
"2025-04-24 16:40:10.065","45771.6945609375","2.1008","1.9443"
"2025-04-24 16:40:10.070","45771.6945609954","2.0984","1.9443"
"2025-04-24 16:40:10.075","45771.6945610532","2.1040","1.9485"
"2025-04-24 16:40:10.080","45771.6945611111","2.1000","1.9464"
"2025-04-24 16:40:10.085","45771.6945611690","2.1034","1.9489"
"2025-04-24 16:40:10.090","45771.6945612269","2.1012","1.9477"
"2025-04-24 16:40:10.095","45771.6945612847","2.1044","1.9488"
"2025-04-24 16:40:10.100","45771.6945613426","2.1024","1.9485"
"2025-04-24 16:40:10.105","45771.6945614005","2.1038","1.9483"
"2025-04-24 16:40:10.110","45771.6945614583","2.1031","1.9475"
"2025-04-24 16:40:10.115","45771.6945615162","2.1028","1.9466"
"2025-04-24 16:40:10.120","45771.6945615741","2.1019","1.9472"
"2025-04-24 16:40:10.125","45771.6945616319","2.1030","1.9465"
"2025-04-24 16:40:10.130","45771.6945616898","2.1029","1.9476"
"2025-04-24 16:40:10.135","45771.6945617477","2.1029","1.9477"
"2025-04-24 16:40:10.140","45771.6945618056","2.1032","1.9486"
"2025-04-24 16:40:10.145","45771.6945618634","2.1019","1.9488"
"2025-04-24 16:40:10.150","45771.6945619213","2.1026","1.9487"
"2025-04-24 16:40:10.155","45771.6945619792","2.1040","1.9483"
"2025-04-24 16:40:10.160","45771.6945620370","2.1035","1.9486"
"2025-04-24 16:40:10.165","45771.6945620949","2.1037","1.9492"
"2025-04-24 16:40:10.170","45771.6945621528","2.1037","1.9465"
"2025-04-24 16:40:10.175","45771.6945622107","2.1031","1.9472"
"2025-04-24 16:40:10.180","45771.6945622685","2.1035","1.9475"
"2025-04-24 16:40:10.185","45771.6945623264","2.1040","1.9492"
"2025-04-24 16:40:10.190","45771.6945623843","2.1017","1.9495"
"2025-04-24 16:40:10.195","45771.6945624421","2.1042","1.9484"
"2025-04-24 16:40:10.200","45771.6945625000","2.1020","1.9472"
"2025-04-24 16:40:10.205","45771.6945625579","2.1030","1.9482"
"2025-04-24 16:40:10.210","45771.6945626157","2.1041","1.9494"
"2025-04-24 16:40:10.215","45771.6945626736","2.1035","1.9477"
"2025-04-24 16:40:10.220","45771.6945627315","2.1034","1.9473"
"2025-04-24 16:40:10.225","45771.6945627894","2.1044","1.9476"
"2025-04-24 16:40:10.230","45771.6945628472","2.1042","1.9493"
"2025-04-24 16:40:10.235","45771.6945629051","2.1030","1.9477"
"2025-04-24 16:40:10.240","45771.6945629630","2.1034","1.9475"
"2025-04-24 16:40:10.245","45771.6945630208","2.1027","1.9497"
"2025-04-24 16:40:10.250","45771.6945630787","2.1044","1.9489"
"2025-04-24 16:40:10.255","45771.6945631366","2.1034","1.9493"
"2025-04-24 16:40:10.260","45771.6945631944","2.1039","1.9473"
"2025-04-24 16:40:10.265","45771.6945632523","2.1032","1.9477"
"2025-04-24 16:40:10.270","45771.6945633102","2.1045","1.9484"
"2025-04-24 16:40:10.275","45771.6945633681","2.1044","1.9489"
"2025-04-24 16:40:10.280","45771.6945634259","2.1035","1.9464"
"2025-04-24 16:40:10.285","45771.6945634838","2.1032","1.9476"
"2025-04-24 16:40:10.290","45771.6945635417","2.1028","1.9493"
"2025-04-24 16:40:10.295","45771.6945635995","2.1046","1.9492"
"2025-04-24 16:40:10.300","45771.6945636574","2.1026","1.9493"
"2025-04-24 16:40:10.305","45771.6945637153","2.1032","1.9473"
"2025-04-24 16:40:10.310","45771.6945637731","2.1029","1.9491"
"2025-04-24 16:40:10.315","45771.6945638310","2.1003","1.9453"
"2025-04-24 16:40:10.320","45771.6945638889","2.1000","1.9415"
"2025-04-24 16:40:10.325","45771.6945639468","2.0973","1.9438"
"2025-04-24 16:40:10.330","45771.6945640046","2.1032","1.9461"
"2025-04-24 16:40:10.335","45771.6945640625","2.1041","1.9465"
"2025-04-24 16:40:10.340","45771.6945641204","2.1047","1.9473"
"2025-04-24 16:40:10.345","45771.6945641782","2.1023","1.9475"
"2025-04-24 16:40:10.350","45771.6945642361","2.1032","1.9453"
"2025-04-24 16:40:10.355","45771.6945642940","2.1026","1.9476"
"2025-04-24 16:40:10.360","45771.6945643518","2.1041","1.9469"
"2025-04-24 16:40:10.365","45771.6945644097","2.1038","1.9472"
"2025-04-24 16:40:10.370","45771.6945644676","2.1029","1.9445"
"2025-04-24 16:40:10.375","45771.6945645255","2.1031","1.9467"
"2025-04-24 16:40:10.380","45771.6945645833","2.1042","1.9459"
"2025-04-24 16:40:10.385","45771.6945646412","2.1043","1.9473"
"2025-04-24 16:40:10.390","45771.6945646991","2.1012","1.9458"
"2025-04-24 16:40:10.395","45771.6945647569","2.1032","1.9467"
"2025-04-24 16:40:10.400","45771.6945648148","2.1029","1.9475"
"2025-04-24 16:40:10.405","45771.6945648727","2.1028","1.9463"
"2025-04-24 16:40:10.410","45771.6945649306","2.1025","1.9460"
"2025-04-24 16:40:10.415","45771.6945649884","2.1047","1.9466"
"2025-04-24 16:40:10.420","45771.6945650463","2.1046","1.9475"
"2025-04-24 16:40:10.425","45771.6945651042","2.1046","1.9463"
"2025-04-24 16:40:10.430","45771.6945651620","2.1038","1.9475"
"2025-04-24 16:40:10.435","45771.6945652199","2.1030","1.9446"
"2025-04-24 16:40:10.440","45771.6945652778","2.1033","1.9465"
"2025-04-24 16:40:10.445","45771.6945653356","2.1029","1.9475"
"2025-04-24 16:40:10.450","45771.6945653935","2.1032","1.9461"
"2025-04-24 16:40:10.455","45771.6945654514","2.1020","1.9461"
"2025-04-24 16:40:10.460","45771.6945655093","2.1047","1.9472"
"2025-04-24 16:40:10.465","45771.6945655671","2.1048","1.9474"
"2025-04-24 16:40:10.470","45771.6945656250","2.1047","1.9474"
"2025-04-24 16:40:10.475","45771.6945656829","2.1036","1.9475"
"2025-04-24 16:40:10.480","45771.6945657407","2.1045","1.9451"
"2025-04-24 16:40:10.485","45771.6945657986","2.1048","1.9475"
"2025-04-24 16:40:10.490","45771.6945658565","2.1038","1.9456"
"2025-04-24 16:40:10.495","45771.6945659144","2.1022","1.9462"
"2025-04-24 16:40:10.500","45771.6945659722","2.1025","1.9471"
"2025-04-24 16:40:10.505","45771.6945660301","2.1035","1.9457"
"2025-04-24 16:40:10.510","45771.6945660880","2.1033","1.9472"
"2025-04-24 16:40:10.515","45771.6945661458","2.1046","1.9477"
"2025-04-24 16:40:10.520","45771.6945662037","2.1039","1.9476"
"2025-04-24 16:40:10.525","45771.6945662616","2.1030","1.9448"
"2025-04-24 16:40:10.530","45771.6945663194","2.1032","1.9476"
"2025-04-24 16:40:10.535","45771.6945663773","2.1043","1.9462"
"2025-04-24 16:40:10.540","45771.6945664352","2.1039","1.9474"
"2025-04-24 16:40:10.545","45771.6945664931","2.1019","1.9451"
"2025-04-24 16:40:10.550","45771.6945665509","2.1032","1.9462"
"2025-04-24 16:40:10.555","45771.6945666088","2.1035","1.9474"
"2025-04-24 16:40:10.560","45771.6945666667","2.1041","1.9473"
"2025-04-24 16:40:10.565","45771.6945667245","2.1039","1.9476"
"2025-04-24 16:40:10.570","45771.6945667824","2.1030","1.9454"
"2025-04-24 16:40:10.575","45771.6945668403","2.1033","1.9475"
"2025-04-24 16:40:10.580","45771.6945668981","2.1045","1.9464"
"2025-04-24 16:40:10.585","45771.6945669560","2.1039","1.9476"
"2025-04-24 16:40:10.590","45771.6945670139","2.1031","1.9448"
"2025-04-24 16:40:10.595","45771.6945670718","2.1033","1.9463"
"2025-04-24 16:40:10.600","45771.6945671296","2.1030","1.9475"
"2025-04-24 16:40:10.605","45771.6945671875","2.1038","1.9474"
"2025-04-24 16:40:10.610","45771.6945672454","2.1045","1.9466"
"2025-04-24 16:40:10.615","45771.6945673032","2.1047","1.9475"
"2025-04-24 16:40:10.620","45771.6945673611","2.1046","1.9462"
"2025-04-24 16:40:10.625","45771.6945674190","2.1026","1.9458"
"2025-04-24 16:40:10.630","45771.6945674769","2.1039","1.9476"
"2025-04-24 16:40:10.635","45771.6945675347","2.1046","1.9460"
"2025-04-24 16:40:10.640","45771.6945675926","2.1049","1.9476"
"2025-04-24 16:40:10.645","45771.6945676505","2.1035","1.9474"
"2025-04-24 16:40:10.650","45771.6945677083","2.1039","1.9474"
"2025-04-24 16:40:10.655","45771.6945677662","2.1022","1.9456"
"2025-04-24 16:40:10.660","45771.6945678241","2.1035","1.9462"
"2025-04-24 16:40:10.665","45771.6945678819","2.1043","1.9475"
"2025-04-24 16:40:10.670","45771.6945679398","2.1037","1.9460"
"2025-04-24 16:40:10.675","45771.6945679977","2.1032","1.9456"
"2025-04-24 16:40:10.680","45771.6945680556","2.1052","1.9463"
"2025-04-24 16:40:10.685","45771.6945681134","2.1049","1.9474"
"2025-04-24 16:40:10.690","45771.6945681713","2.1046","1.9451"
"2025-04-24 16:40:10.695","45771.6945682292","2.1022","1.9463"
"2025-04-24 16:40:10.700","45771.6945682870","2.1034","1.9460"
"2025-04-24 16:40:10.705","45771.6945683449","2.1043","1.9472"
"2025-04-24 16:40:10.710","45771.6945684028","2.1039","1.9475"
"2025-04-24 16:40:10.715","45771.6945684606","2.1039","1.9464"
"2025-04-24 16:40:10.720","45771.6945685185","2.1031","1.9461"
"2025-04-24 16:40:10.725","45771.6945685764","2.1041","1.9468"
"2025-04-24 16:40:10.730","45771.6945686343","2.1042","1.9473"
"2025-04-24 16:40:10.735","45771.6945686921","2.1045","1.9463"
"2025-04-24 16:40:10.740","45771.6945687500","2.1046","1.9471"
"2025-04-24 16:40:10.745","45771.6945688079","2.1032","1.9469"
"2025-04-24 16:40:10.750","45771.6945688657","2.1037","1.9476"
"2025-04-24 16:40:10.755","45771.6945689236","2.1037","1.9471"
"2025-04-24 16:40:10.760","45771.6945689815","2.1046","1.9463"
"2025-04-24 16:40:10.765","45771.6945690394","2.1030","1.9461"
"2025-04-24 16:40:10.770","45771.6945690972","2.1041","1.9466"
"2025-04-24 16:40:10.775","45771.6945691551","2.1044","1.9467"
"2025-04-24 16:40:10.780","45771.6945692130","2.1034","1.9454"
"2025-04-24 16:40:10.785","45771.6945692708","2.1028","1.9477"
"2025-04-24 16:40:10.790","45771.6945693287","2.1033","1.9463"
"2025-04-24 16:40:10.795","45771.6945693866","2.1046","1.9468"
"2025-04-24 16:40:10.800","45771.6945694444","2.1034","1.9469"
"2025-04-24 16:40:10.805","45771.6945695023","2.1046","1.9472"
"2025-04-24 16:40:10.810","45771.6945695602","2.1029","1.9463"
"2025-04-24 16:40:10.815","45771.6945696181","2.1024","1.9464"
"2025-04-24 16:40:10.820","45771.6945696759","2.1046","1.9469"
"2025-04-24 16:40:10.825","45771.6945697338","2.1046","1.9471"
"2025-04-24 16:40:10.830","45771.6945697917","2.1043","1.9460"
"2025-04-24 16:40:10.835","45771.6945698495","2.1020","1.9452"
"2025-04-24 16:40:10.840","45771.6945699074","2.1044","1.9469"
"2025-04-24 16:40:10.845","45771.6945699653","2.1037","1.9472"
"2025-04-24 16:40:10.850","45771.6945700232","2.1043","1.9461"
"2025-04-24 16:40:10.855","45771.6945700810","2.1010","1.9465"
"2025-04-24 16:40:10.860","45771.6945701389","2.1042","1.9469"
"2025-04-24 16:40:10.865","45771.6945701968","2.1044","1.9467"
"2025-04-24 16:40:10.870","45771.6945702546","2.1045","1.9464"
"2025-04-24 16:40:10.875","45771.6945703125","2.1033","1.9464"
"2025-04-24 16:40:10.880","45771.6945703704","2.1040","1.9470"
"2025-04-24 16:40:10.885","45771.6945704282","2.1045","1.9469"
"2025-04-24 16:40:10.890","45771.6945704861","2.1030","1.9452"
"2025-04-24 16:40:10.895","45771.6945705440","2.1032","1.9476"
"2025-04-24 16:40:10.900","45771.6945706019","2.1032","1.9474"
"2025-04-24 16:40:10.905","45771.6945706597","2.1043","1.9465"
"2025-04-24 16:40:10.910","45771.6945707176","2.1024","1.9461"
"2025-04-24 16:40:10.915","45771.6945707755","2.1028","1.9473"
"2025-04-24 16:40:10.920","45771.6945708333","2.1037","1.9471"
"2025-04-24 16:40:10.925","45771.6945708912","2.1036","1.9471"
"2025-04-24 16:40:10.930","45771.6945709491","2.1032","1.9456"
"2025-04-24 16:40:10.935","45771.6945710069","2.1033","1.9453"
"2025-04-24 16:40:10.940","45771.6945710648","2.1045","1.9471"
"2025-04-24 16:40:10.945","45771.6945711227","2.1035","1.9470"
"2025-04-24 16:40:10.950","45771.6945711806","2.1035","1.9455"
"2025-04-24 16:40:10.955","45771.6945712384","2.1022","1.9464"
"2025-04-24 16:40:10.960","45771.6945712963","2.1045","1.9475"
"2025-04-24 16:40:10.965","45771.6945713542","2.1030","1.9458"
"2025-04-24 16:40:10.970","45771.6945714120","2.1031","1.9455"
"2025-04-24 16:40:10.975","45771.6945714699","2.1045","1.9466"
"2025-04-24 16:40:10.980","45771.6945715278","2.1045","1.9473"
"2025-04-24 16:40:10.985","45771.6945715856","2.1041","1.9462"
"2025-04-24 16:40:10.990","45771.6945716435","2.1027","1.9451"
"2025-04-24 16:40:10.995","45771.6945717014","2.1044","1.9469"
"2025-04-24 16:40:11.000","45771.6945717593","2.1035","1.9465"
"2025-04-24 16:40:11.005","45771.6945718171","2.1033","1.9453"
"2025-04-24 16:40:11.010","45771.6945718750","2.1008","1.9457"
"2025-04-24 16:40:11.015","45771.6945719329","2.1037","1.9461"
"2025-04-24 16:40:11.020","45771.6945719907","2.1029","1.9468"
"2025-04-24 16:40:11.025","45771.6945720486","2.1030","1.9460"
"2025-04-24 16:40:11.030","45771.6945721065","2.1007","1.9468"
"2025-04-24 16:40:11.035","45771.6945721643","2.1038","1.9462"
"2025-04-24 16:40:11.040","45771.6945722222","2.1037","1.9463"
"2025-04-24 16:40:11.045","45771.6945722801","2.1028","1.9453"
"2025-04-24 16:40:11.050","45771.6945723380","2.1020","1.9469"
"2025-04-24 16:40:11.055","45771.6945723958","2.1030","1.9472"
"2025-04-24 16:40:11.060","45771.6945724537","2.1030","1.9463"
"2025-04-24 16:40:11.065","45771.6945725116","2.1026","1.9462"
"2025-04-24 16:40:11.070","45771.6945725694","2.1020","1.9457"
"2025-04-24 16:40:11.075","45771.6945726273","2.1038","1.9472"
"2025-04-24 16:40:11.080","45771.6945726852","2.1044","1.9463"
"2025-04-24 16:40:11.085","45771.6945727431","2.1041","1.9476"
"2025-04-24 16:40:11.090","45771.6945728009","2.1048","1.9469"
"2025-04-24 16:40:11.095","45771.6945728588","2.1037","1.9473"
"2025-04-24 16:40:11.100","45771.6945729167","2.1036","1.9451"
"2025-04-24 16:40:11.105","45771.6945729745","2.1032","1.9454"
"2025-04-24 16:40:11.110","45771.6945730324","2.1026","1.9466"
"2025-04-24 16:40:11.115","45771.6945730903","2.1047","1.9473"
"2025-04-24 16:40:11.120","45771.6945731481","2.1028","1.9456"
"2025-04-24 16:40:11.125","45771.6945732060","2.1029","1.9451"
"2025-04-24 16:40:11.130","45771.6945732639","2.1046","1.9473"
"2025-04-24 16:40:11.135","45771.6945733218","2.1043","1.9473"
"2025-04-24 16:40:11.140","45771.6945733796","2.1028","1.9469"
"2025-04-24 16:40:11.145","45771.6945734375","2.1040","1.9457"
"2025-04-24 16:40:11.150","45771.6945734954","2.1036","1.9466"
"2025-04-24 16:40:11.155","45771.6945735532","2.1040","1.9473"
"2025-04-24 16:40:11.160","45771.6945736111","2.1041","1.9473"
"2025-04-24 16:40:11.165","45771.6945736690","2.1031","1.9459"
"2025-04-24 16:40:11.170","45771.6945737269","2.1032","1.9454"
"2025-04-24 16:40:11.175","45771.6945737847","2.1043","1.9478"
"2025-04-24 16:40:11.180","45771.6945738426","2.1044","1.9478"
"2025-04-24 16:40:11.185","45771.6945739005","2.1037","1.9466"
"2025-04-24 16:40:11.190","45771.6945739583","2.1032","1.9457"
"2025-04-24 16:40:11.195","45771.6945740162","2.1043","1.9477"
"2025-04-24 16:40:11.200","45771.6945740741","2.1041","1.9471"
"2025-04-24 16:40:11.205","45771.6945741319","2.1036","1.9475"
"2025-04-24 16:40:11.210","45771.6945741898","2.1034","1.9452"
"2025-04-24 16:40:11.215","45771.6945742477","2.1036","1.9470"
"2025-04-24 16:40:11.220","45771.6945743056","2.1040","1.9471"
"2025-04-24 16:40:11.225","45771.6945743634","2.1042","1.9474"
"2025-04-24 16:40:11.230","45771.6945744213","2.1025","1.9463"
"2025-04-24 16:40:11.235","45771.6945744792","2.1030","1.9470"
"2025-04-24 16:40:11.240","45771.6945745370","2.1044","1.9473"
"2025-04-24 16:40:11.245","45771.6945745949","2.1043","1.9474"
"2025-04-24 16:40:11.250","45771.6945746528","2.1038","1.9473"
"2025-04-24 16:40:11.255","45771.6945747107","2.1034","1.9455"
"2025-04-24 16:40:11.260","45771.6945747685","2.1028","1.9473"
"2025-04-24 16:40:11.265","45771.6945748264","2.1043","1.9474"
"2025-04-24 16:40:11.270","45771.6945748843","2.1038","1.9476"
"2025-04-24 16:40:11.275","45771.6945749421","2.1040","1.9472"
"2025-04-24 16:40:11.280","45771.6945750000","2.1031","1.9458"
"2025-04-24 16:40:11.285","45771.6945750579","2.1038","1.9476"
"2025-04-24 16:40:11.290","45771.6945751157","2.1045","1.9479"
"2025-04-24 16:40:11.295","45771.6945751736","2.1039","1.9474"
"2025-04-24 16:40:11.300","45771.6945752315","2.1047","1.9465"
"2025-04-24 16:40:11.305","45771.6945752894","2.1044","1.9464"
"2025-04-24 16:40:11.310","45771.6945753472","2.1031","1.9465"
"2025-04-24 16:40:11.315","45771.6945754051","2.1035","1.9475"
"2025-04-24 16:40:11.320","45771.6945754630","2.1040","1.9470"
"2025-04-24 16:40:11.325","45771.6945755208","2.1031","1.9457"
"2025-04-24 16:40:11.330","45771.6945755787","2.1033","1.9473"
"2025-04-24 16:40:11.335","45771.6945756366","2.1045","1.9476"
"2025-04-24 16:40:11.340","45771.6945756944","2.1039","1.9472"
"2025-04-24 16:40:11.345","45771.6945757523","2.1042","1.9470"
"2025-04-24 16:40:11.350","45771.6945758102","2.1042","1.9464"
"2025-04-24 16:40:11.355","45771.6945758681","2.1028","1.9465"
"2025-04-24 16:40:11.360","45771.6945759259","2.1039","1.9476"
"2025-04-24 16:40:11.365","45771.6945759838","2.1048","1.9467"
"2025-04-24 16:40:11.370","45771.6945760417","2.1033","1.9461"
"2025-04-24 16:40:11.375","45771.6945760995","2.1033","1.9477"
"2025-04-24 16:40:11.380","45771.6945761574","2.1043","1.9475"
"2025-04-24 16:40:11.385","45771.6945762153","2.1038","1.9473"
"2025-04-24 16:40:11.390","45771.6945762731","2.1033","1.9459"
"2025-04-24 16:40:11.395","45771.6945763310","2.1031","1.9478"
"2025-04-24 16:40:11.400","45771.6945763889","2.1042","1.9475"
"2025-04-24 16:40:11.405","45771.6945764468","2.1040","1.9474"
"2025-04-24 16:40:11.410","45771.6945765046","2.1033","1.9455"
"2025-04-24 16:40:11.415","45771.6945765625","2.1029","1.9477"
"2025-04-24 16:40:11.420","45771.6945766204","2.1043","1.9476"
"2025-04-24 16:40:11.425","45771.6945766782","2.1036","1.9479"
"2025-04-24 16:40:11.430","45771.6945767361","2.1023","1.9460"
"2025-04-24 16:40:11.435","45771.6945767940","2.1032","1.9471"
"2025-04-24 16:40:11.440","45771.6945768518","2.1047","1.9473"
"2025-04-24 16:40:11.445","45771.6945769097","2.1031","1.9460"
"2025-04-24 16:40:11.450","45771.6945769676","2.1026","1.9463"
"2025-04-24 16:40:11.455","45771.6945770255","2.1049","1.9473"
"2025-04-24 16:40:11.460","45771.6945770833","2.1046","1.9474"
"2025-04-24 16:40:11.465","45771.6945771412","2.1045","1.9459"
"2025-04-24 16:40:11.470","45771.6945771991","2.1022","1.9463"
"2025-04-24 16:40:11.475","45771.6945772569","2.1047","1.9470"
"2025-04-24 16:40:11.480","45771.6945773148","2.1046","1.9471"
"2025-04-24 16:40:11.485","45771.6945773727","2.1043","1.9461"
"2025-04-24 16:40:11.490","45771.6945774306","2.1027","1.9461"
"2025-04-24 16:40:11.495","45771.6945774884","2.1035","1.9471"
"2025-04-24 16:40:11.500","45771.6945775463","2.1042","1.9470"
"2025-04-24 16:40:11.505","45771.6945776042","2.1041","1.9474"
"2025-04-24 16:40:11.510","45771.6945776620","2.1043","1.9461"
"2025-04-24 16:40:11.515","45771.6945777199","2.1021","1.9460"
"2025-04-24 16:40:11.520","45771.6945777778","2.1042","1.9463"
"2025-04-24 16:40:11.525","45771.6945778356","2.1040","1.9470"
"2025-04-24 16:40:11.530","45771.6945778935","2.1038","1.9473"
"2025-04-24 16:40:11.535","45771.6945779514","2.1026","1.9460"
"2025-04-24 16:40:11.540","45771.6945780093","2.1021","1.9460"
"2025-04-24 16:40:11.545","45771.6945780671","2.1042","1.9470"
"2025-04-24 16:40:11.550","45771.6945781250","2.1041","1.9470"
"2025-04-24 16:40:11.555","45771.6945781829","2.1043","1.9475"
"2025-04-24 16:40:11.560","45771.6945782407","2.1037","1.9473"
"2025-04-24 16:40:11.565","45771.6945782986","2.1046","1.9470"
"2025-04-24 16:40:11.570","45771.6945783565","2.1042","1.9474"
"2025-04-24 16:40:11.575","45771.6945784144","2.1043","1.9463"
"2025-04-24 16:40:11.580","45771.6945784722","2.1017","1.9463"
"2025-04-24 16:40:11.585","45771.6945785301","2.1036","1.9470"
"2025-04-24 16:40:11.590","45771.6945785880","2.1044","1.9468"
"2025-04-24 16:40:11.595","45771.6945786458","2.1045","1.9463"
"2025-04-24 16:40:11.600","45771.6945787037","2.1028","1.9463"
"2025-04-24 16:40:11.605","45771.6945787616","2.1036","1.9474"
"2025-04-24 16:40:11.610","45771.6945788194","2.1045","1.9466"
"2025-04-24 16:40:11.615","45771.6945788773","2.1029","1.9461"
"2025-04-24 16:40:11.620","45771.6945789352","2.1030","1.9475"
"2025-04-24 16:40:11.625","45771.6945789931","2.1035","1.9472"
"2025-04-24 16:40:11.630","45771.6945790509","2.1048","1.9466"
"2025-04-24 16:40:11.635","45771.6945791088","2.1033","1.9459"
"2025-04-24 16:40:11.640","45771.6945791667","2.1029","1.9473"
"2025-04-24 16:40:11.645","45771.6945792245","2.1041","1.9475"
"2025-04-24 16:40:11.650","45771.6945792824","2.1033","1.9475"
"2025-04-24 16:40:11.655","45771.6945793403","2.1031","1.9458"
"2025-04-24 16:40:11.660","45771.6945793982","2.1033","1.9460"
"2025-04-24 16:40:11.665","45771.6945794560","2.1043","1.9479"
"2025-04-24 16:40:11.670","45771.6945795139","2.1031","1.9461"
"2025-04-24 16:40:11.675","45771.6945795718","2.1034","1.9453"
"2025-04-24 16:40:11.680","45771.6945796296","2.1045","1.9474"
"2025-04-24 16:40:11.685","45771.6945796875","2.1045","1.9477"
"2025-04-24 16:40:11.690","45771.6945797454","2.1039","1.9462"
"2025-04-24 16:40:11.695","45771.6945798032","2.1024","1.9461"
"2025-04-24 16:40:11.700","45771.6945798611","2.1040","1.9463"
"2025-04-24 16:40:11.705","45771.6945799190","2.1042","1.9471"
"2025-04-24 16:40:11.710","45771.6945799769","2.1040","1.9474"
"2025-04-24 16:40:11.715","45771.6945800347","2.1036","1.9472"
"2025-04-24 16:40:11.720","45771.6945800926","2.1026","1.9453"
"2025-04-24 16:40:11.725","45771.6945801505","2.1025","1.9460"
"2025-04-24 16:40:11.730","45771.6945802083","2.1041","1.9476"
"2025-04-24 16:40:11.735","45771.6945802662","2.1034","1.9458"
"2025-04-24 16:40:11.740","45771.6945803241","2.1026","1.9453"
"2025-04-24 16:40:11.745","45771.6945803819","2.1040","1.9474"
"2025-04-24 16:40:11.750","45771.6945804398","2.1040","1.9471"
"2025-04-24 16:40:11.755","45771.6945804977","2.1045","1.9468"
"2025-04-24 16:40:11.760","45771.6945805556","2.1044","1.9471"
"2025-04-24 16:40:11.765","45771.6945806134","2.1041","1.9473"
"2025-04-24 16:40:11.770","45771.6945806713","2.1039","1.9469"
"2025-04-24 16:40:11.775","45771.6945807292","2.1036","1.9471"
"2025-04-24 16:40:11.780","45771.6945807870","2.1044","1.9461"
"2025-04-24 16:40:11.785","45771.6945808449","2.1027","1.9462"
"2025-04-24 16:40:11.790","45771.6945809028","2.1036","1.9472"
"2025-04-24 16:40:11.795","45771.6945809606","2.1042","1.9466"
"2025-04-24 16:40:11.800","45771.6945810185","2.1027","1.9456"
"2025-04-24 16:40:11.805","45771.6945810764","2.1030","1.9474"
"2025-04-24 16:40:11.810","45771.6945811343","2.1040","1.9467"
"2025-04-24 16:40:11.815","45771.6945811921","2.1037","1.9476"
"2025-04-24 16:40:11.820","45771.6945812500","2.1023","1.9458"
"2025-04-24 16:40:11.825","45771.6945813079","2.1027","1.9470"
"2025-04-24 16:40:11.830","45771.6945813657","2.1035","1.9475"
"2025-04-24 16:40:11.835","45771.6945814236","2.1039","1.9471"
"2025-04-24 16:40:11.840","45771.6945814815","2.1042","1.9466"
"2025-04-24 16:40:11.845","45771.6945815393","2.1024","1.9461"
"2025-04-24 16:40:11.850","45771.6945815972","2.1028","1.9472"
"2025-04-24 16:40:11.855","45771.6945816551","2.1033","1.9470"
"2025-04-24 16:40:11.860","45771.6945817130","2.1038","1.9469"
"2025-04-24 16:40:11.865","45771.6945817708","2.1025","1.9455"
"2025-04-24 16:40:11.870","45771.6945818287","2.1029","1.9474"
"2025-04-24 16:40:11.875","45771.6945818866","2.1033","1.9474"
"2025-04-24 16:40:11.880","45771.6945819444","2.1036","1.9470"
"2025-04-24 16:40:11.885","45771.6945820023","2.1025","1.9455"
"2025-04-24 16:40:11.890","45771.6945820602","2.1032","1.9473"
"2025-04-24 16:40:11.895","45771.6945821181","2.1041","1.9474"
"2025-04-24 16:40:11.900","45771.6945821759","2.1036","1.9468"
"2025-04-24 16:40:11.905","45771.6945822338","2.1030","1.9453"
"2025-04-24 16:40:11.910","45771.6945822917","2.1029","1.9459"
"2025-04-24 16:40:11.915","45771.6945823495","2.1047","1.9474"
"2025-04-24 16:40:11.920","45771.6945824074","2.1033","1.9472"
"2025-04-24 16:40:11.925","45771.6945824653","2.1036","1.9473"
"2025-04-24 16:40:11.930","45771.6945825231","2.1036","1.9468"
"2025-04-24 16:40:11.935","45771.6945825810","2.1026","1.9457"
"2025-04-24 16:40:11.940","45771.6945826389","2.1029","1.9472"
"2025-04-24 16:40:11.945","45771.6945826968","2.1034","1.9473"
"2025-04-24 16:40:11.950","45771.6945827546","2.1043","1.9469"
"2025-04-24 16:40:11.955","45771.6945828125","2.1031","1.9458"
"2025-04-24 16:40:11.960","45771.6945828704","2.1030","1.9480"
"2025-04-24 16:40:11.965","45771.6945829282","2.1035","1.9468"
"2025-04-24 16:40:11.970","45771.6945829861","2.1040","1.9471"
"2025-04-24 16:40:11.975","45771.6945830440","2.1024","1.9455"
"2025-04-24 16:40:11.980","45771.6945831019","2.1031","1.9474"
"2025-04-24 16:40:11.985","45771.6945831597","2.1039","1.9480"
"2025-04-24 16:40:11.990","45771.6945832176","2.1040","1.9472"
"2025-04-24 16:40:11.995","45771.6945832755","2.1032","1.9462"
"2025-04-24 16:40:12.000","45771.6945833333","2.1023","1.9467"
"2025-04-24 16:40:12.005","45771.6945833912","2.1036","1.9471"
"2025-04-24 16:40:12.010","45771.6945834491","2.1026","1.9466"
"2025-04-24 16:40:12.015","45771.6945835069","2.1035","1.9460"
"2025-04-24 16:40:12.020","45771.6945835648","2.1021","1.9446"
"2025-04-24 16:40:12.025","45771.6945836227","2.1030","1.9479"
"2025-04-24 16:40:12.030","45771.6945836806","2.1028","1.9471"
"2025-04-24 16:40:12.035","45771.6945837384","2.1037","1.9476"
"2025-04-24 16:40:12.040","45771.6945837963","2.1030","1.9456"
"2025-04-24 16:40:12.045","45771.6945838542","2.1031","1.9468"
"2025-04-24 16:40:12.050","45771.6945839120","2.1046","1.9476"
"2025-04-24 16:40:12.055","45771.6945839699","2.1038","1.9470"
"2025-04-24 16:40:12.060","45771.6945840278","2.1046","1.9464"
"2025-04-24 16:40:12.065","45771.6945840856","2.1027","1.9458"
"2025-04-24 16:40:12.070","45771.6945841435","2.1029","1.9476"
"2025-04-24 16:40:12.075","45771.6945842014","2.1030","1.9467"
"2025-04-24 16:40:12.080","45771.6945842593","2.1038","1.9475"
"2025-04-24 16:40:12.085","45771.6945843171","2.1034","1.9471"
"2025-04-24 16:40:12.090","45771.6945843750","2.1049","1.9475"
"2025-04-24 16:40:12.095","45771.6945844329","2.1041","1.9476"
"2025-04-24 16:40:12.100","45771.6945844907","2.1041","1.9473"
"2025-04-24 16:40:12.105","45771.6945845486","2.1041","1.9469"
"2025-04-24 16:40:12.110","45771.6945846065","2.1030","1.9459"
"2025-04-24 16:40:12.115","45771.6945846644","2.1030","1.9476"
"2025-04-24 16:40:12.120","45771.6945847222","2.1034","1.9463"
"2025-04-24 16:40:12.125","45771.6945847801","2.1044","1.9464"
"2025-04-24 16:40:12.130","45771.6945848380","2.1032","1.9468"
"2025-04-24 16:40:12.135","45771.6945848958","2.1027","1.9465"
"2025-04-24 16:40:12.140","45771.6945849537","2.1023","1.9476"
"2025-04-24 16:40:12.145","45771.6945850116","2.1033","1.9474"
"2025-04-24 16:40:12.150","45771.6945850694","2.1043","1.9470"
"2025-04-24 16:40:12.155","45771.6945851273","2.1028","1.9460"
"2025-04-24 16:40:12.160","45771.6945851852","2.1026","1.9473"
"2025-04-24 16:40:12.165","45771.6945852431","2.1030","1.9465"
"2025-04-24 16:40:12.170","45771.6945853009","2.1044","1.9470"
"2025-04-24 16:40:12.175","45771.6945853588","2.1041","1.9465"
"2025-04-24 16:40:12.180","45771.6945854167","2.1028","1.9463"
"2025-04-24 16:40:12.185","45771.6945854745","2.1003","1.9475"
"2025-04-24 16:40:12.190","45771.6945855324","2.1036","1.9472"
"2025-04-24 16:40:12.195","45771.6945855903","2.1044","1.9474"
"2025-04-24 16:40:12.200","45771.6945856481","2.1025","1.9463"
"2025-04-24 16:40:12.205","45771.6945857060","2.1030","1.9475"
"2025-04-24 16:40:12.210","45771.6945857639","2.1039","1.9468"
"2025-04-24 16:40:12.215","45771.6945858218","2.1047","1.9468"
"2025-04-24 16:40:12.220","45771.6945858796","2.1033","1.9451"
"2025-04-24 16:40:12.225","45771.6945859375","2.1029","1.9465"
"2025-04-24 16:40:12.230","45771.6945859954","2.1027","1.9473"
"2025-04-24 16:40:12.235","45771.6945860532","2.1045","1.9467"
"2025-04-24 16:40:12.240","45771.6945861111","2.1018","1.9456"
"2025-04-24 16:40:12.245","45771.6945861690","2.1024","1.9461"
"2025-04-24 16:40:12.250","45771.6945862269","2.1038","1.9475"
"2025-04-24 16:40:12.255","45771.6945862847","2.1040","1.9476"
"2025-04-24 16:40:12.260","45771.6945863426","2.1046","1.9469"
"2025-04-24 16:40:12.265","45771.6945864005","2.1044","1.9468"
"2025-04-24 16:40:12.270","45771.6945864583","2.1045","1.9475"
"2025-04-24 16:40:12.275","45771.6945865162","2.1022","1.9451"
"2025-04-24 16:40:12.280","45771.6945865741","2.1032","1.9470"
"2025-04-24 16:40:12.285","45771.6945866319","2.1025","1.9475"
"2025-04-24 16:40:12.290","45771.6945866898","2.1028","1.9464"
"2025-04-24 16:40:12.295","45771.6945867477","2.1015","1.9474"
"2025-04-24 16:40:12.300","45771.6945868056","2.1037","1.9471"
"2025-04-24 16:40:12.305","45771.6945868634","2.1044","1.9473"
"2025-04-24 16:40:12.310","45771.6945869213","2.1039","1.9472"
"2025-04-24 16:40:12.315","45771.6945869792","2.1046","1.9477"
"2025-04-24 16:40:12.320","45771.6945870370","2.1038","1.9444"
"2025-04-24 16:40:12.325","45771.6945870949","2.1028","1.9453"
"2025-04-24 16:40:12.330","45771.6945871528","2.1036","1.9472"
"2025-04-24 16:40:12.335","45771.6945872107","2.1046","1.9475"
"2025-04-24 16:40:12.340","45771.6945872685","2.1021","1.9467"
"2025-04-24 16:40:12.345","45771.6945873264","2.1031","1.9459"
"2025-04-24 16:40:12.350","45771.6945873843","2.1038","1.9471"
"2025-04-24 16:40:12.355","45771.6945874421","2.1048","1.9473"
"2025-04-24 16:40:12.360","45771.6945875000","2.1040","1.9476"
"2025-04-24 16:40:12.365","45771.6945875579","2.1023","1.9454"
"2025-04-24 16:40:12.370","45771.6945876157","2.1027","1.9468"
"2025-04-24 16:40:12.375","45771.6945876736","2.1038","1.9464"
"2025-04-24 16:40:12.380","45771.6945877315","2.1041","1.9478"
"2025-04-24 16:40:12.385","45771.6945877894","2.1017","1.9473"
"2025-04-24 16:40:12.390","45771.6945878472","2.1043","1.9469"
"2025-04-24 16:40:12.395","45771.6945879051","2.1035","1.9478"
"2025-04-24 16:40:12.400","45771.6945879630","2.1045","1.9474"
"2025-04-24 16:40:12.405","45771.6945880208","2.1035","1.9477"
"2025-04-24 16:40:12.410","45771.6945880787","2.1042","1.9456"
"2025-04-24 16:40:12.415","45771.6945881366","2.1031","1.9459"
"2025-04-24 16:40:12.420","45771.6945881944","2.1043","1.9464"
"2025-04-24 16:40:12.425","45771.6945882523","2.1044","1.9476"
"2025-04-24 16:40:12.430","45771.6945883102","2.1032","1.9459"
"2025-04-24 16:40:12.435","45771.6945883681","2.1048","1.9470"
"2025-04-24 16:40:12.440","45771.6945884259","2.1023","1.9461"
"2025-04-24 16:40:12.445","45771.6945884838","2.1027","1.9462"
"2025-04-24 16:40:12.450","45771.6945885417","2.1037","1.9476"
"2025-04-24 16:40:12.455","45771.6945885995","2.1043","1.9456"
"2025-04-24 16:40:12.460","45771.6945886574","2.1032","1.9459"
"2025-04-24 16:40:12.465","45771.6945887153","2.1040","1.9470"
"2025-04-24 16:40:12.470","45771.6945887731","2.1042","1.9476"
"2025-04-24 16:40:12.475","45771.6945888310","2.1039","1.9459"
"2025-04-24 16:40:12.480","45771.6945888889","2.1042","1.9470"
"2025-04-24 16:40:12.485","45771.6945889468","2.1027","1.9454"
"2025-04-24 16:40:12.490","45771.6945890046","2.1030","1.9464"
"2025-04-24 16:40:12.495","45771.6945890625","2.1022","1.9473"
"2025-04-24 16:40:12.500","45771.6945891204","2.1046","1.9458"
"2025-04-24 16:40:12.505","45771.6945891782","2.1028","1.9467"
"2025-04-24 16:40:12.510","45771.6945892361","2.1041","1.9472"
"2025-04-24 16:40:12.515","45771.6945892940","2.1034","1.9477"
"2025-04-24 16:40:12.520","45771.6945893518","2.1037","1.9460"
"2025-04-24 16:40:12.525","45771.6945894097","2.1031","1.9458"
"2025-04-24 16:40:12.530","45771.6945894676","2.1022","1.9458"
"2025-04-24 16:40:12.535","45771.6945895255","2.1048","1.9477"
"2025-04-24 16:40:12.540","45771.6945895833","2.1016","1.9472"
"2025-04-24 16:40:12.545","45771.6945896412","2.1030","1.9458"
"2025-04-24 16:40:12.550","45771.6945896991","2.1027","1.9478"
"2025-04-24 16:40:12.555","45771.6945897569","2.1043","1.9477"
"2025-04-24 16:40:12.560","45771.6945898148","2.1038","1.9476"
"2025-04-24 16:40:12.565","45771.6945898727","2.1043","1.9464"
"2025-04-24 16:40:12.570","45771.6945899306","2.1043","1.9472"
"2025-04-24 16:40:12.575","45771.6945899884","2.1045","1.9442"
"2025-04-24 16:40:12.580","45771.6945900463","2.1030","1.9463"
"2025-04-24 16:40:12.585","45771.6945901042","2.1026","1.9472"
"2025-04-24 16:40:12.590","45771.6945901620","2.1045","1.9464"
"2025-04-24 16:40:12.595","45771.6945902199","2.1026","1.9459"
"2025-04-24 16:40:12.600","45771.6945902778","2.1030","1.9463"
"2025-04-24 16:40:12.605","45771.6945903356","2.1036","1.9476"
"2025-04-24 16:40:12.610","45771.6945903935","2.1045","1.9468"
"2025-04-24 16:40:12.615","45771.6945904514","2.1032","1.9464"
"2025-04-24 16:40:12.620","45771.6945905093","2.1030","1.9467"
"2025-04-24 16:40:12.625","45771.6945905671","2.1035","1.9476"
"2025-04-24 16:40:12.630","45771.6945906250","2.1038","1.9450"
"2025-04-24 16:40:12.635","45771.6945906829","2.1031","1.9460"
"2025-04-24 16:40:12.640","45771.6945907407","2.1010","1.9471"
"2025-04-24 16:40:12.645","45771.6945907986","2.1044","1.9474"
"2025-04-24 16:40:12.650","45771.6945908565","2.1031","1.9473"
"2025-04-24 16:40:12.655","45771.6945909144","2.1034","1.9455"
"2025-04-24 16:40:12.660","45771.6945909722","2.1033","1.9474"
"2025-04-24 16:40:12.665","45771.6945910301","2.1046","1.9475"
"2025-04-24 16:40:12.670","45771.6945910880","2.1034","1.9476"
"2025-04-24 16:40:12.675","45771.6945911458","2.1027","1.9435"
"2025-04-24 16:40:12.680","45771.6945912037","2.1032","1.9468"
"2025-04-24 16:40:12.685","45771.6945912616","2.1034","1.9461"
"2025-04-24 16:40:12.690","45771.6945913194","2.1033","1.9461"
"2025-04-24 16:40:12.695","45771.6945913773","2.1003","1.9463"
"2025-04-24 16:40:12.700","45771.6945914352","2.1046","1.9471"
"2025-04-24 16:40:12.705","45771.6945914931","2.1041","1.9474"
"2025-04-24 16:40:12.710","45771.6945915509","2.1044","1.9477"
"2025-04-24 16:40:12.715","45771.6945916088","2.1039","1.9476"
"2025-04-24 16:40:12.720","45771.6945916667","2.1028","1.9450"
"2025-04-24 16:40:12.725","45771.6945917245","2.1032","1.9473"
"2025-04-24 16:40:12.730","45771.6945917824","2.1039","1.9453"
"2025-04-24 16:40:12.735","45771.6945918403","2.1024","1.9467"
"2025-04-24 16:40:12.740","45771.6945918982","2.1014","1.9458"
"2025-04-24 16:40:12.745","45771.6945919560","2.1038","1.9479"
"2025-04-24 16:40:12.750","45771.6945920139","2.1025","1.9469"
"2025-04-24 16:40:12.755","45771.6945920718","2.1045","1.9474"
"2025-04-24 16:40:12.760","45771.6945921296","2.1042","1.9472"
"2025-04-24 16:40:12.765","45771.6945921875","2.1046","1.9476"
"2025-04-24 16:40:12.770","45771.6945922454","2.1038","1.9480"
"2025-04-24 16:40:12.775","45771.6945923032","2.1046","1.9455"
"2025-04-24 16:40:12.780","45771.6945923611","2.1044","1.9474"
"2025-04-24 16:40:12.785","45771.6945924190","2.1022","1.9447"
"2025-04-24 16:40:12.790","45771.6945924769","2.1022","1.9464"
"2025-04-24 16:40:12.795","45771.6945925347","2.1019","1.9467"
"2025-04-24 16:40:12.800","45771.6945925926","2.1041","1.9471"
"2025-04-24 16:40:12.805","45771.6945926505","2.1024","1.9465"
"2025-04-24 16:40:12.810","45771.6945927083","2.1032","1.9461"
"2025-04-24 16:40:12.815","45771.6945927662","2.1037","1.9474"
"2025-04-24 16:40:12.820","45771.6945928241","2.1042","1.9464"
"2025-04-24 16:40:12.825","45771.6945928819","2.1049","1.9475"
"2025-04-24 16:40:12.830","45771.6945929398","2.1030","1.9440"
"2025-04-24 16:40:12.835","45771.6945929977","2.1023","1.9465"
"2025-04-24 16:40:12.840","45771.6945930556","2.1029","1.9448"
"2025-04-24 16:40:12.845","45771.6945931134","2.1042","1.9480"
"2025-04-24 16:40:12.850","45771.6945931713","2.1013","1.9462"
"2025-04-24 16:40:12.855","45771.6945932292","2.1024","1.9459"
"2025-04-24 16:40:12.860","45771.6945932870","2.1036","1.9473"
"2025-04-24 16:40:12.865","45771.6945933449","2.1041","1.9465"
"2025-04-24 16:40:12.870","45771.6945934028","2.1044","1.9475"
"2025-04-24 16:40:12.875","45771.6945934606","2.1028","1.9446"
"2025-04-24 16:40:12.880","45771.6945935185","2.1024","1.9462"
"2025-04-24 16:40:12.885","45771.6945935764","2.1035","1.9443"
"2025-04-24 16:40:12.890","45771.6945936343","2.1043","1.9478"
"2025-04-24 16:40:12.895","45771.6945936921","2.1018","1.9472"
"2025-04-24 16:40:12.900","45771.6945937500","2.1036","1.9472"
"2025-04-24 16:40:12.905","45771.6945938079","2.1023","1.9456"
"2025-04-24 16:40:12.910","45771.6945938657","2.1030","1.9469"
"2025-04-24 16:40:12.915","45771.6945939236","2.1045","1.9477"
"2025-04-24 16:40:12.920","45771.6945939815","2.1032","1.9462"
"2025-04-24 16:40:12.925","45771.6945940393","2.1022","1.9461"
"2025-04-24 16:40:12.930","45771.6945940972","2.1046","1.9448"
"2025-04-24 16:40:12.935","45771.6945941551","2.1043","1.9479"
"2025-04-24 16:40:12.940","45771.6945942130","2.1021","1.9452"
"2025-04-24 16:40:12.945","45771.6945942708","2.1020","1.9465"
"2025-04-24 16:40:12.950","45771.6945943287","2.1018","1.9469"
"2025-04-24 16:40:12.955","45771.6945943866","2.1043","1.9475"
"2025-04-24 16:40:12.960","45771.6945944444","2.1039","1.9475"
"2025-04-24 16:40:12.965","45771.6945945023","2.1037","1.9472"
"2025-04-24 16:40:12.970","45771.6945945602","2.1028","1.9462"
"2025-04-24 16:40:12.975","45771.6945946181","2.1030","1.9456"
"2025-04-24 16:40:12.980","45771.6945946759","2.1048","1.9475"
"2025-04-24 16:40:12.985","45771.6945947338","2.1041","1.9452"
"2025-04-24 16:40:12.990","45771.6945947917","2.1040","1.9474"
"2025-04-24 16:40:12.995","45771.6945948495","2.1006","1.9451"
